unit,item_id,label,scale,author_code,second_code,agree,boundary,note
A_re_rm,RE01,Research planning and roadmap capture,rm_nominal,RM1,RM1,1,0,"Phases/objectives/milestones/roadmap -> RM1 unambiguous"
A_re_rm,RE02,Research question refinement tracking,rm_nominal,RM2,RM2,1,0,"Versioned research questions -> RM2 unambiguous"
A_re_rm,RE03,Decision rationale and history capture,rm_nominal,RM5,RM5,1,0,"Decision records with rationale -> RM5 unambiguous"
A_re_rm,RE04,Task management across the lifecycle,rm_nominal,RM3,RM3,1,0,"Assignable units of work -> RM3 unambiguous"
A_re_rm,RE05,Structured documentation from early stages,rm_nominal,RM4,RM4,1,0,"Version-controlled docs from project start -> RM4 unambiguous"
A_re_rm,RE06,Collaborative review and contribution tracking,rm_nominal,RM6,RM6,1,1,"'discussion' in the need text also touches RM7; core (contribution/review/attribution) is RM6"
A_re_rm,RE07,"Coordination, monitoring and communication",rm_nominal,RM7,RM7,1,1,"'coordination/progress monitoring' overlaps RM3/RM6; primary thrust (communication linked to activities) is RM7"
A_re_rm,RE08,Version control of all artifacts,rm_nominal,RM8,RM8,1,0,"History/diff/restore for every artifact type -> RM8 unambiguous"
A_re_rm,RE09,Integration across heterogeneous tools,rm_nominal,RM9,RM9,1,0,"Cross-tool continuity / coordination layer -> RM9 unambiguous"
A_re_rm,RE10,Granular provenance capture and retrieval,rm_nominal,RM10,RM10,1,0,"question->...->output chain -> RM10 unambiguous"
A_re_rm,RE11,Artifact linkage and research-object assembly,rm_nominal,RM10,RM9,0,1,"DISAGREE: 'assembling artifacts into one navigable object' leans RM9 (research-object assembly); author read the linkage relations as RM10. Adjudicated -> keep RM10 (its definition explicitly covers artifact linkage); RM9 overlap recorded"
A_re_rm,RE12,Transparency and visibility to third parties,rm_nominal,RM11,RM11,1,0,"Inspectable status/artifacts/changes for outsiders -> RM11 unambiguous"
A_re_rm,RE13,Reproducibility-supporting documentation,rm_nominal,RM12,RM12,1,0,"Preserved info sufficient to re-run -> RM12 unambiguous"
A_re_rm,RE14,Automation of validation and checks,rm_nominal,RM13,RM13,1,0,"Automated validation/test/build workflows -> RM13 unambiguous"
A_re_rm,RE15,Machine-readable standards and PIDs,rm_nominal,RM14,RM14,1,0,"PIDs + interoperable metadata are in the RM14 definition"
A_re_rm,RE16,Research output management and identification,rm_nominal,RM14,RM14,1,0,"Citable releases linked back to process -> RM14 unambiguous"
A_re_rm,RE17,"Governance, funding and workforce models",rm_nominal,RM15,RM15,1,0,"Durable operations beyond the project -> RM15 (governance) unambiguous"
B_support,RM1,Research planning and roadmap,support_0_3,2,2,1,1,"Considered Limited (1): assembled entirely by convention, no plan object, field history not versioned. Settled Partial (2): phase/milestone/roadmap views genuinely function"
B_support,RM2,Research question management,support_0_3,1,1,1,0,"No research-question concept; entirely convention; links not enforced -> Limited"
B_support,RM3,Task management,support_0_3,3,3,1,0,"Native and mature -> Direct"
B_support,RM4,Documentation,support_0_3,3,3,1,0,"Version-controlled Markdown-in-repo is the native answer -> Direct"
B_support,RM5,Decision traceability,support_0_3,2,2,1,1,"Considered Limited (1): 'depends entirely on convention'. Settled Partial (2): template + versioned log + cross-refs is a working mechanism, demonstrated here"
B_support,RM6,Collaboration and contribution tracking,support_0_3,3,3,1,0,"Review/feedback/attribution/parallel work all native -> Direct"
B_support,RM7,Communication,support_0_3,3,3,1,0,"Threaded, searchable, linkable communication native -> Direct (manual topic->activity linking noted)"
B_support,RM8,Version control,support_0_3,3,3,1,0,"History/diff/restore/snapshots are the substrate -> Direct"
B_support,RM9,Research artifact management and integration,support_0_3,2,2,1,0,"Organises contained artifacts well; cross-tool continuity only by reference -> Partial"
B_support,RM10,Research provenance and artifact linkage,support_0_3,2,2,1,0,"Connective tissue exists but manual, no lineage query -> Partial"
B_support,RM11,Transparency,support_0_3,3,3,1,0,"Public repo is inherently transparent -> Direct"
B_support,RM12,Reproducibility support,support_0_3,2,2,1,0,"Doc/preservation side supported; environment + archival external -> Partial"
B_support,RM13,Automation,support_0_3,3,3,1,0,"Event/schedule/dispatch automation fully native -> Direct"
B_support,RM14,Research output management and identification,support_0_3,2,2,1,0,"Releases + notes native; PIDs/preservation via GitHub-Zenodo bridge -> Partial"
B_support,RM15,Governance and sustainability,support_0_3,1,1,1,0,"Access control + guidelines handled; sustainability/funding/workforce out of platform -> Limited"
C_eval,E1-coverage,Requirement coverage,eval_0_2,2,2,1,0,"13/15 at Partial or better, mean 2.33/3 -> fully"
C_eval,E2-task,Task traceability,eval_0_2,2,2,1,0,"Issues #1-#12 cross-referenced; one full Issue->PR->Release cycle -> fully"
C_eval,E2-decision,Decision traceability,eval_0_2,2,2,1,0,"DECISION_LOG entries with rationale/alternatives/Affects -> fully"
C_eval,E2-version,Version traceability,eval_0_2,2,2,1,0,"git history + reproducible corpus + v1.0.0/v1.1.0 tags -> fully"
C_eval,E2-provenance,Provenance / artifact linkage,eval_0_2,1,1,1,0,"Document-level linkage machine-checked, one chain demonstrated, still manual, no lineage query -> partial"
C_eval,E3-protocol,Documented protocol,eval_0_2,2,2,1,0,"RESEARCH_DESIGN / LITERATURE_REVIEW / PHASE1 from project start -> fully"
C_eval,E3-methodology,Documented methodology,eval_0_2,2,2,1,0,"PHASE1-9_PROGRESS + framework narratives + analysis/README -> fully"
C_eval,E3-decisions,Documented decisions,eval_0_2,2,2,1,0,"DECISION_LOG (15 entries) -> fully"
C_eval,E3-roadmap,Documented roadmap,eval_0_2,2,2,1,0,"ROADMAP status table + CHANGELOG -> fully"
C_eval,E4-structure,Defined repository structure,eval_0_2,2,2,1,0,"Layout matches architecture + template; validate-structure.yml enforces -> fully"
C_eval,E4-phase,Research phase identification,eval_0_2,2,2,1,0,"ROADMAP phases + milestones M1-M8 -> fully"
C_eval,E4-artifact,Artifact classification,eval_0_2,2,2,1,0,"Folder-level classification realised -> fully (finer typing absent but out of scope for the sub-dimension)"
C_eval,E4-taskcat,Task categorization,eval_0_2,2,2,1,0,"labels.yml applied to Issues #1-#12 -> fully"
C_eval,E5-docs,Accessible documentation,eval_0_2,2,2,1,0,"23 docs/ files + narratives + folder READMEs -> fully"
C_eval,E5-history,Historical changes visible,eval_0_2,2,2,1,0,"git history + CHANGELOG + per-phase progress -> fully"
C_eval,E5-decisions,Traceable decisions,eval_0_2,2,2,1,0,"DECISION_LOG public -> fully"
C_eval,E5-external,External project visibility,eval_0_2,2,2,1,1,"Considered 1 pending the Pages summary page; settled 2 - repo public with full history/docs/Insights/Project #2 inspectable is the substance of the sub-dimension"
C_eval,E6-config,Configuration complexity,eval_0_2,1,1,1,0,"Template quick; Project/labels/Actions setup manual; reproduce.yml per-stack -> partial"
C_eval,E6-techknow,Technical knowledge required,eval_0_2,1,1,1,0,"Git + Markdown + YAML literacy assumed; barrier outside computational fields -> partial"
C_eval,E6-overhead,Workflow overhead,eval_0_2,2,1,0,1,"DISAGREE: coordination layer run once end-to-end, note itself says 'per-item overhead is modest' -> second coder reads partial (1). Adjudicated -> keep 2: the doc/decision/version-control spine ran at near-zero overhead across all 12 phases (observed); softest 2 in the sheet"
C_eval,E6-maint,Maintenance effort,eval_0_2,2,2,1,0,"scripts regenerate every results/ table; layout CI-guarded -> fully"
